old_commit	new_commit	old_parent	new_parent	tree
be26b6e07e5f6ac8fcbe505af5280ad95cc9e284	c7d3ef7c070737e5da0337056bf4c4da88eee222	-	5d807617f8058950f7ea81dda405e38fb0cc37ec	83087728f148ccf8d3947d4e91b72e373ad161aa
3e9644a16dfd98fbc49911964881d46e8bc8b050	2e2ce0d83eb1e30a41365aec5a9ce8c2be4dc3a1	be26b6e07e5f6ac8fcbe505af5280ad95cc9e284	c7d3ef7c070737e5da0337056bf4c4da88eee222	3fb2e25182e7b65e6c3217924f8a3cd4c3c7133c
ce89e5b837f8a2345afbaf61dca02b19e537a10d	57b30e979bafa30e38ffd6a4ccf5b59eb18966e6	3e9644a16dfd98fbc49911964881d46e8bc8b050	2e2ce0d83eb1e30a41365aec5a9ce8c2be4dc3a1	3dca859786ba7cd06196b724dded1bad22752dfc
413e61de4b0a34f8a0e875d55b4a672b86f9b863	d7acd23bfee40c2676d0cce300c7ea509b4c72ca	ce89e5b837f8a2345afbaf61dca02b19e537a10d	57b30e979bafa30e38ffd6a4ccf5b59eb18966e6	91116e3c5cf6355b0452d020285e7783f70f9f1a
c37d111119169978559a96c2e87fd5f172c827ee	9a97f5c4999e61e058a4d296b878cf4dc330b617	413e61de4b0a34f8a0e875d55b4a672b86f9b863	d7acd23bfee40c2676d0cce300c7ea509b4c72ca	8f23627277ef01c2d7d44e1b94a7592407f17cca
fe9b6cdd5ad2e17580d00ccca88330396fa453e4	a797c264099affa0dfeba316bc96498863e11d3f	c37d111119169978559a96c2e87fd5f172c827ee	9a97f5c4999e61e058a4d296b878cf4dc330b617	799f69e557cff1ce9bdfd7d82c0438ed7fe58bea
48bf30e7e343edad373e30c02cf36072bef1cc72	8c32c7e82b90adfb25be323c26313dce006aaf5a	fe9b6cdd5ad2e17580d00ccca88330396fa453e4	a797c264099affa0dfeba316bc96498863e11d3f	58da6fbca8ad3f6ec4ed65c8a0bb8ba3ded2d720
cc046b8f3f9bc997500c028012777c47556ba3cc	3fdfa4aecf2c3acc76f8dc1d23c8786ef45f77e8	48bf30e7e343edad373e30c02cf36072bef1cc72	8c32c7e82b90adfb25be323c26313dce006aaf5a	834c0082d18ed8a3d9af2c1b6d42f10e27f2e12a
a87b83cbdad1f42be867d7a90123e18eda5c2df6	93c91a530f83c3883bff40f31d98212381fa356b	cc046b8f3f9bc997500c028012777c47556ba3cc	3fdfa4aecf2c3acc76f8dc1d23c8786ef45f77e8	b5478391f67e7bd8bedb74e08cf877841fc16df0
2d2652fdd7d5694abd2603b26b3427a2f261233b	23ba8673d77126c3dfddad5fdbf29d0929065636	a87b83cbdad1f42be867d7a90123e18eda5c2df6	93c91a530f83c3883bff40f31d98212381fa356b	ffca025177e9ac9c2bc5c67b6f42a01590238d81
4c1d8fd7a53db8c33803877d3b00112afb75c79a	48bb5a2223fa682ff3843609a4cca12229286e40	2d2652fdd7d5694abd2603b26b3427a2f261233b	23ba8673d77126c3dfddad5fdbf29d0929065636	691ba8ddbf7b6d7e616de6343e29b29ebca56cb8
eb57d260db499896d1ecbd488b89eefc0fa5ecb0	b16fe269e60680ca2d55aea977401b49f416c892	4c1d8fd7a53db8c33803877d3b00112afb75c79a	48bb5a2223fa682ff3843609a4cca12229286e40	886f2ad41eb0d8cd431cf0b41ec2041b0218fd18
3cb533b787f6921d984172128916d20f3418f5e2	c959f869c9de138e92f81361cd7accebb299011e	eb57d260db499896d1ecbd488b89eefc0fa5ecb0	b16fe269e60680ca2d55aea977401b49f416c892	7265f5e50eb8fc4738e922ac0b1b8918dfd85e99
e9a9018f93172cfd2fa9244bec039e794722f410	9c5e7ae2b95ddb487d507f25d129069b418918d5	3cb533b787f6921d984172128916d20f3418f5e2	c959f869c9de138e92f81361cd7accebb299011e	86ec7745764793409d74380ca21b82de5f2c50f9
1e2318a31c8e4d4d8964159cde8e3926f9c06bf1	0521058d56bca4595f83600f176b6abbfae0e6e5	e9a9018f93172cfd2fa9244bec039e794722f410	9c5e7ae2b95ddb487d507f25d129069b418918d5	af88c74fa6b62ab2b3d7a06906a7d90bfec01e05
ceb5e239700e3f9329291157130a351dee180bb6	ed968c51793341a1bf96f208d5c03afcf36406a4	1e2318a31c8e4d4d8964159cde8e3926f9c06bf1	0521058d56bca4595f83600f176b6abbfae0e6e5	d398a0b14283163fe3538e3bbd32c27864272fcb
6ed1c7e992c990d54cde13ade0de86461cb798f5	376031a0f27ec7aee24343d3e1914fdba9c0a41d	ceb5e239700e3f9329291157130a351dee180bb6	ed968c51793341a1bf96f208d5c03afcf36406a4	1c38afb29dae9875d2e218536ff4a0fd3a68b1fe
2b40b7d4acdb5d1f44249643f450b6026d9a7251	aae755d7c8b58cd23b0b0d22932cac011039125d	6ed1c7e992c990d54cde13ade0de86461cb798f5	376031a0f27ec7aee24343d3e1914fdba9c0a41d	ca1a5a0552638e46dddf1ab319aa8aaf841af7eb
3cba60558935bb88dcc93a67ac4d7ec8553b311a	b109d827e71d0b7466a49e6f5d72fc196d4c5516	2b40b7d4acdb5d1f44249643f450b6026d9a7251	aae755d7c8b58cd23b0b0d22932cac011039125d	30f3acf13ddca114c894acb9b678dcc148355423
0927cdbd47a69327dd3199eae3361b889677c430	5732cc77856bdfb5386c4720e2a9989cda375cdf	3cba60558935bb88dcc93a67ac4d7ec8553b311a	b109d827e71d0b7466a49e6f5d72fc196d4c5516	794b77819cea228a40940262313f44174a52db84
fd86898d3c02f9c633ed679b662e242ba8565205	3cf303d44c178824eb20074489828e728a19698b	0927cdbd47a69327dd3199eae3361b889677c430	5732cc77856bdfb5386c4720e2a9989cda375cdf	ef4c6fc0ebf5bd032d3acaad04cad7a36e80c742
be874ba97b6a256437a26aee736f0e92ede94dd0	2e1481c3430decb47fc50871121b392e159a3a1b	fd86898d3c02f9c633ed679b662e242ba8565205	3cf303d44c178824eb20074489828e728a19698b	b1ac40064f07f95e0fef49468c206745ed908f8d
a01b5e5515b548fc00ee2aa7dcb9d788574e6684	ac519539ec103847feb62903430dfcc4c4d50d54	be874ba97b6a256437a26aee736f0e92ede94dd0	2e1481c3430decb47fc50871121b392e159a3a1b	e7c747778ae0922dc9f1754be1777adba4eac68d
0184ec74985275f74e07f75da4ce920dcbccfe67	95d9947908fb0a1c51fc94d86b44b483233b0ee4	a01b5e5515b548fc00ee2aa7dcb9d788574e6684	ac519539ec103847feb62903430dfcc4c4d50d54	1f3231cb6402d8f6fe8302c84e333932619add97
ff65e615538077c08d505ede48678f04e4747393	82a0ec5301e465c91b08e1923acdddd26d96d209	0184ec74985275f74e07f75da4ce920dcbccfe67	95d9947908fb0a1c51fc94d86b44b483233b0ee4	3ce2116f29f9232d3cf1f18a37da2ed8a69b010c
bf715d666df7d4f3e05cf07418038bdee3984c71	c2c5a3a89d937e72638bb8c1bb94a5395597df52	ff65e615538077c08d505ede48678f04e4747393	82a0ec5301e465c91b08e1923acdddd26d96d209	a836867b1caa457e8e4103d70a5c43da3610fc42
c5b2a781993b415d145cd3f8c0e9ee7f383f9293	5fc529b2b06363378937cb1c2af04b1c713b6c50	bf715d666df7d4f3e05cf07418038bdee3984c71	c2c5a3a89d937e72638bb8c1bb94a5395597df52	139c99b94ac072609eff93145dedd9b525136633
ba0bdb0ec76484a616eb6ca2c79b30d28a85971b	7c1b3bd76a3516e7bc5d69032aea32f84579d209	c5b2a781993b415d145cd3f8c0e9ee7f383f9293	5fc529b2b06363378937cb1c2af04b1c713b6c50	2c6f548ef987a33aafc052b6007dc2339926f274
8da00022bb66a8d1db2b4f18587282b98aca8b52	ed4690b4be3ad09e1297be042dc2e68b9c15acfb	ba0bdb0ec76484a616eb6ca2c79b30d28a85971b	7c1b3bd76a3516e7bc5d69032aea32f84579d209	cf107abd945b74183b44609da9073c95adc427bf
bdbca7e0529e2fe3cffad441fb6be9afa62dbabb	606f0e5feb1662d26faa29fa363fa10485f5f905	8da00022bb66a8d1db2b4f18587282b98aca8b52	ed4690b4be3ad09e1297be042dc2e68b9c15acfb	d6ab8039b8745b89dccc538ea44fa881f8cd42ff
170d0cf957f5b9caf6dc5700d3c365312602c2d6	307f4bce0d329805cbbaf414a817b1a361aaea99	bdbca7e0529e2fe3cffad441fb6be9afa62dbabb	606f0e5feb1662d26faa29fa363fa10485f5f905	c8acc71ac91023c0cadfde19f2290de0db81967a
a9b9aded96db4763f45c1f192e6ad6fdf73b03b6	7b075e4080eb6966f2b1b01b413bb9ffa7454169	170d0cf957f5b9caf6dc5700d3c365312602c2d6	307f4bce0d329805cbbaf414a817b1a361aaea99	e85471ec105bbc37f3528d5ff6c10094339277ac
4b54ddeb7fa416d9016c10916817b540b685b552	9e875f7ffb5a953ecaeb1e46440aa4dc947d7533	a9b9aded96db4763f45c1f192e6ad6fdf73b03b6	7b075e4080eb6966f2b1b01b413bb9ffa7454169	105bcd74a1fcf554fcacde646c308f5d96a738ab
30dfcdec1dbe47341bd3cc7722ce2ebd55d8dcb7	bc22d7014a51289233de6466d174b3b357992c12	4b54ddeb7fa416d9016c10916817b540b685b552	9e875f7ffb5a953ecaeb1e46440aa4dc947d7533	b697feb969347e07e3ce6d6f9dcc1a7480783cf8
e8a38e8467f48d1c73b0c61301d78758815ff114	3aaa3bf339531706e18888b7091819f6e5d4685d	30dfcdec1dbe47341bd3cc7722ce2ebd55d8dcb7	bc22d7014a51289233de6466d174b3b357992c12	471db0a077d049a8ad68c301a1d7564a56751fd8
53a5379f22d6c5efddb32a9f18b992fc7e036021	4dcbeaaeb0a51bcc74eb335230e3ef303cae9bab	e8a38e8467f48d1c73b0c61301d78758815ff114	3aaa3bf339531706e18888b7091819f6e5d4685d	ffd0fc6aad02a842deb1ee475526a5967f87faa4
cee1388859c1904c8a6ebe89257d73084da21ae2	0502f69d663a41300c935fc85c86b7a4f53f62fe	53a5379f22d6c5efddb32a9f18b992fc7e036021	4dcbeaaeb0a51bcc74eb335230e3ef303cae9bab	1d6a9ef95472c2dceb5c432e57112715509a2b75
2d643ea3aeef7680fe4e6a607148e73fddf8ed7e	3d5c43236547c5d0c0587d8a5f8e71f7d517b7b8	cee1388859c1904c8a6ebe89257d73084da21ae2	0502f69d663a41300c935fc85c86b7a4f53f62fe	ad337b0a2164fe817c6b98efce59869846a52458
fa70d258c31983595ad3dda97d34aebec88d9162	30b8e8b18549cd171700405db3e72efb6b9d7be6	2d643ea3aeef7680fe4e6a607148e73fddf8ed7e	3d5c43236547c5d0c0587d8a5f8e71f7d517b7b8	6d6a636d777cb7d469c6a2d608c5d77749aa4557
d7b3aa1cad686a9e5397137a7732c20c55cfe92e	00b53f0d94481d3a0da4efa43b6b3f97e0ff672d	fa70d258c31983595ad3dda97d34aebec88d9162	30b8e8b18549cd171700405db3e72efb6b9d7be6	344ade9e51109582ff25a999a4165b99ba7aaa12
bc6a64b82cb0138df193c1d0a558f5bdc8bac2ac	9597268da38428a5cb1064578df51ed973fed3b5	d7b3aa1cad686a9e5397137a7732c20c55cfe92e	00b53f0d94481d3a0da4efa43b6b3f97e0ff672d	dedf45f6ea5d54dbd1e8cf427bc527dbe45ad564
c594869bcde488dfbbe1962fa133556a04004840	995ceb94c970693878eec04ca86e9e7979e53f3f	bc6a64b82cb0138df193c1d0a558f5bdc8bac2ac	9597268da38428a5cb1064578df51ed973fed3b5	44e4e769ea07fb0ea11336a69bf3168e0cbade0c
a8af31e387db5e9a02e71cb0e98f4ee713738ad0	46269fd9f8c84a8f64c99742f7e6bd71f09444c3	c594869bcde488dfbbe1962fa133556a04004840	995ceb94c970693878eec04ca86e9e7979e53f3f	a48e6c79d60c5abcc2d0a1319613d68492375f2b
269c4bdfaee8c3460d5b1ca634d8ba815c5b5a5f	94323161320a7a245322963d3a4934520dcad79c	a8af31e387db5e9a02e71cb0e98f4ee713738ad0	46269fd9f8c84a8f64c99742f7e6bd71f09444c3	1b59dcd0fc701b92354a831c0c58cd477ef127ea
c240bc8c5a5845a4072f53643b129b8e764fa178	f5cfbb89b52e3d2069f07396b52bd7f87956d4e1	269c4bdfaee8c3460d5b1ca634d8ba815c5b5a5f	94323161320a7a245322963d3a4934520dcad79c	15516732203c14d28a06785a04a787ff23519181
218d447e684818faca278491a66bbf1cadbe2749	1260e7268bd02c938141e3a70436c922500192c2	c240bc8c5a5845a4072f53643b129b8e764fa178	f5cfbb89b52e3d2069f07396b52bd7f87956d4e1	1e6ec023a8c3ee6e6fc51c1406a5aa8e8912f512
7edb805ce84fa5fa5edbbf7e188204a349ed594b	f774b2438c2b624169cf9002e149db366250795a	218d447e684818faca278491a66bbf1cadbe2749	1260e7268bd02c938141e3a70436c922500192c2	2803e292b3c568f74b777a3f47bd2335668dd148
0817b0bc0f4665be5399a5d36398c097008435e3	ce860d1d537b319c613f05336a0f89317fac6fdb	7edb805ce84fa5fa5edbbf7e188204a349ed594b	f774b2438c2b624169cf9002e149db366250795a	4666ec6703b6d6d95f55154b01e983751a8186b0
3e895af6b1bf8b84c6fcb0c6b5abd36a455577ec	6fbf08a158f49567a1c891c49f6ca0e2524495ad	0817b0bc0f4665be5399a5d36398c097008435e3	ce860d1d537b319c613f05336a0f89317fac6fdb	953df0040048340cb986da68bac7f3ab38f6da36
9c6e2ac84c23db0455ab68b2463be4004f484fa9	d694a018d24bf108b7e50203a6753d558786c319	3e895af6b1bf8b84c6fcb0c6b5abd36a455577ec	6fbf08a158f49567a1c891c49f6ca0e2524495ad	134b1ded168b5ca517c13971411898099db39598
381c5c06724a01b6e599821b5030e2d15560af1f	65de6a1d88fc65f0fe8b36c8d90572c6f15fef31	9c6e2ac84c23db0455ab68b2463be4004f484fa9	d694a018d24bf108b7e50203a6753d558786c319	0e5e1cb5d6e370552f96f30768aad2a1772c6cd2
1f850f7ed231a26333dff9e4f47acb0bbebf9b87	c878d49797850826db0d1f4f550582aba05b453c	381c5c06724a01b6e599821b5030e2d15560af1f	65de6a1d88fc65f0fe8b36c8d90572c6f15fef31	fcba4f7ca70983d9f1a8aa9d0271da51f7f5b443
0e4c06600830e8d3e2adb373dd6a3f18e6592f40	c7e76d3cb6873b17149019417398eec54b41c294	1f850f7ed231a26333dff9e4f47acb0bbebf9b87	c878d49797850826db0d1f4f550582aba05b453c	e0503aec046598d8bb4d82828d757934edccd637
